[{"id":"user-image-donut.png","publicUrl":"np://user.desktop.nicepage.com/Site_128074329/images/donut.png","size":579151,"hash":"YJAQ7K4zvWTOav13LkU2ieZkovE=","fileName":"donut.png","name":"donut","width":760,"height":1000,"thumbnail":{"url":"np://user.desktop.nicepage.com/Site_128074329/images/thumbnails/donut.png","width":190,"height":250},"usages":["36065480"]},{"id":"user-image-pepper.png","publicUrl":"np://user.desktop.nicepage.com/Site_128074329/images/pepper.png","size":283891,"hash":"YDy2g+V2xAELLVhkhTl4JypHYf8=","fileName":"pepper.png","name":"pepper","width":760,"height":1000,"thumbnail":{"url":"np://user.desktop.nicepage.com/Site_128074329/images/thumbnails/pepper.png","width":190,"height":250},"usages":["36065480"]},{"id":"user-image-logo.png","publicUrl":"np://user.desktop.nicepage.com/Site_128074329/images/logo.png","size":1065884,"hash":"M7htB6jYWVCk4f4DwFdTy2RePPk=","fileName":"logo.png","name":"logo","width":1920,"height":1174,"thumbnail":{"url":"np://user.desktop.nicepage.com/Site_128074329/images/thumbnails/logo.png","width":250,"height":153},"usages":["36065480"]},{"id":"user-image-image1.png","publicUrl":"np://user.desktop.nicepage.com/Site_128074329/images/image1.png","size":66692,"hash":"bNdP4t6kyL3nke4ckZ0lGeOZGJk=","fileName":"image1.png","name":"image1","width":352,"height":398,"thumbnail":{"url":"np://user.desktop.nicepage.com/Site_128074329/images/thumbnails/image1.png","width":221,"height":250},"usages":["36065480"]},{"id":"user-image-PopcornBucket.png","publicUrl":"np://user.desktop.nicepage.com/Site_128074329/images/PopcornBucket.png","size":302987,"hash":"Ts6IkyqAB4jPJrsSN6vyxMdnMRg=","fileName":"PopcornBucket.png","name":"PopcornBucket","width":760,"height":1000,"thumbnail":{"url":"np://user.desktop.nicepage.com/Site_128074329/images/thumbnails/PopcornBucket.png","width":190,"height":250},"usages":["36065480"]},{"id":"user-image-firework.png","publicUrl":"np://user.desktop.nicepage.com/Site_128074329/images/firework.png","size":193468,"hash":"GmVOYutXw9NgfGV/WSZ7EB2pauQ=","fileName":"firework.png","name":"firework","width":760,"height":1000,"thumbnail":{"url":"np://user.desktop.nicepage.com/Site_128074329/images/thumbnails/firework.png","width":190,"height":250},"usages":["36065480"]},{"id":"user-image-VanessaProfile.png","publicUrl":"np://user.desktop.nicepage.com/Site_128074329/images/VanessaProfile.png","size":732897,"hash":"UH3uglLYvJPVGGKQx5cFPmoXjU4=","fileName":"VanessaProfile.png","name":"VanessaProfile","width":1920,"height":1920,"thumbnail":{"url":"np://user.desktop.nicepage.com/Site_128074329/images/thumbnails/VanessaProfile.png","width":250,"height":250},"usages":[]},{"id":"user-image-DanProfile.png","publicUrl":"np://user.desktop.nicepage.com/Site_128074329/images/DanProfile.png","size":639717,"hash":"gqiyAHDUmRtGvIehWEMvlEOY5bw=","fileName":"DanProfile.png","name":"DanProfile","width":1920,"height":1920,"thumbnail":{"url":"np://user.desktop.nicepage.com/Site_128074329/images/thumbnails/DanProfile.png","width":250,"height":250},"usages":[]},{"id":"user-image-SantiagoProfile.png","publicUrl":"np://user.desktop.nicepage.com/Site_128074329/images/SantiagoProfile.png","size":612324,"hash":"GcLVxiP8zTK3Fubk7jYMeeIOg9Y=","fileName":"SantiagoProfile.png","name":"SantiagoProfile","width":1920,"height":1920,"thumbnail":{"url":"np://user.desktop.nicepage.com/Site_128074329/images/thumbnails/SantiagoProfile.png","width":250,"height":250},"usages":[]},{"id":"user-image-Name.png","publicUrl":"np://user.desktop.nicepage.com/Site_128074329/images/Name.png","size":37014,"hash":"uOzD8Jngj4qmBOJWWSScUFd3QU0=","fileName":"Name.png","name":"Name","width":1729,"height":453,"thumbnail":{"url":"np://user.desktop.nicepage.com/Site_128074329/images/thumbnails/Name.png","width":250,"height":66},"usages":[]},{"id":"user-image-JRProfile.png","publicUrl":"np://user.desktop.nicepage.com/Site_128074329/images/JRProfile.png","size":668729,"hash":"XEepGzTK7RMsxevA+438MZ7sLAE=","fileName":"JRProfile.png","name":"JRProfile","width":1920,"height":1920,"thumbnail":{"url":"np://user.desktop.nicepage.com/Site_128074329/images/thumbnails/JRProfile.png","width":250,"height":250},"usages":[]},{"id":"user-image-logoWithText.png","publicUrl":"np://user.desktop.nicepage.com/Site_128074329/images/logoWithText.png","size":131764,"hash":"/5GUA2UC3epvbzqtgVA3E3TkbTU=","fileName":"logoWithText.png","name":"logoWithText","width":2143,"height":1902,"thumbnail":{"url":"np://user.desktop.nicepage.com/Site_128074329/images/thumbnails/logoWithText.png","width":250,"height":222},"usages":[]},{"id":"user-image-logoWithText1.png","publicUrl":"np://user.desktop.nicepage.com/Site_128074329/images/logoWithText1.png","size":134817,"hash":"G7ZdDopOcwqtC/ofFZj4AhAzsLE=","fileName":"logoWithText1.png","name":"logoWithText1","width":2143,"height":1902,"thumbnail":{"url":"np://user.desktop.nicepage.com/Site_128074329/images/thumbnails/logoWithText1.png","width":250,"height":222},"usages":[]},{"id":"user-image-BransonProfile.png","publicUrl":"np://user.desktop.nicepage.com/Site_128074329/images/BransonProfile.png","size":706561,"hash":"twMIoPfno+SNGhbHxa0VMWgdsP0=","fileName":"BransonProfile.png","name":"BransonProfile","width":2757,"height":2757,"thumbnail":{"url":"np://user.desktop.nicepage.com/Site_128074329/images/thumbnails/BransonProfile.png","width":250,"height":250},"usages":[]}]