[{"id":3014904,"title":"Blog Template","order":1,"templateKey":"blog","customTemplate":false,"customTemplateFilename":null,"pageLinks":[],"dateCreated":"2024-02-26T07:38:58.068Z","dateUpdated":"2024-02-26T07:38:59.483Z","folderId":null,"pageName":"Blog Template","serverPageId":null,"sectionCount":1,"status":2,"backwardUrl":null},{"id":204828816,"title":"Post Template","order":2,"templateKey":"post","customTemplate":false,"customTemplateFilename":null,"pageLinks":[],"dateCreated":"2024-02-26T07:38:58.428Z","dateUpdated":"2024-02-26T07:38:59.483Z","folderId":null,"pageName":"Post Template","serverPageId":null,"sectionCount":1,"status":2,"backwardUrl":null},{"id":87433878,"title":"Product List Template","order":3,"templateKey":"products","customTemplate":false,"customTemplateFilename":null,"pageLinks":[],"dateCreated":"2024-02-26T07:38:58.538Z","dateUpdated":"2024-02-26T07:38:59.484Z","folderId":null,"pageName":"Product List Template","serverPageId":null,"sectionCount":1,"status":2,"backwardUrl":null},{"id":33994865,"title":"Product Details Template","order":4,"templateKey":"product","customTemplate":false,"customTemplateFilename":null,"pageLinks":[],"dateCreated":"2024-02-26T07:38:58.665Z","dateUpdated":"2024-02-26T07:38:59.484Z","folderId":null,"pageName":"Product Details Template","serverPageId":null,"sectionCount":1,"status":2,"backwardUrl":null},{"id":2993427777,"title":"Shopping Cart Template","order":5,"templateKey":"cart","customTemplate":false,"customTemplateFilename":null,"pageLinks":[],"dateCreated":"2024-02-26T07:38:58.760Z","dateUpdated":"2024-02-26T07:38:59.484Z","folderId":null,"pageName":"Shopping Cart Template","serverPageId":null,"sectionCount":1,"status":2,"backwardUrl":null},{"id":57505569,"title":"Checkout Template","order":6,"templateKey":"checkout","customTemplate":false,"customTemplateFilename":null,"pageLinks":[],"dateCreated":"2024-02-26T07:38:58.900Z","dateUpdated":"2024-02-26T07:38:59.484Z","folderId":null,"pageName":"Checkout Template","serverPageId":null,"sectionCount":1,"status":2,"backwardUrl":null},{"id":203214706,"title":"Login Template","order":7,"templateKey":"login","customTemplate":false,"customTemplateFilename":null,"pageLinks":[],"dateCreated":"2024-02-26T07:38:58.985Z","dateUpdated":"2024-02-26T07:38:59.484Z","folderId":null,"pageName":"Login Template","serverPageId":null,"sectionCount":1,"status":2,"backwardUrl":null},{"id":92837050,"title":"Page Password Template","order":8,"templateKey":"password","customTemplate":false,"customTemplateFilename":null,"pageLinks":[],"dateCreated":"2024-02-26T07:38:59.046Z","dateUpdated":"2024-02-26T07:38:59.484Z","folderId":null,"pageName":"Page Password Template","serverPageId":null,"sectionCount":1,"status":2,"backwardUrl":null},{"id":4062971,"title":"404 Not Found Template","order":9,"templateKey":"404","customTemplate":false,"customTemplateFilename":null,"pageLinks":[],"dateCreated":"2024-02-26T07:38:59.104Z","dateUpdated":"2024-02-26T07:38:59.484Z","folderId":null,"pageName":"404 Not Found Template","serverPageId":null,"sectionCount":1,"status":2,"backwardUrl":null},{"id":2841610630,"title":"Thank You Page Template","order":10,"templateKey":"ThankYou","customTemplate":false,"customTemplateFilename":null,"pageLinks":[],"dateCreated":"2024-02-26T07:38:59.157Z","dateUpdated":"2024-02-26T07:38:59.484Z","folderId":null,"pageName":"Thank You Page Template","serverPageId":null,"sectionCount":1,"status":2,"backwardUrl":null},{"id":36065480,"title":"Home","order":50,"templateKey":null,"customTemplate":false,"customTemplateFilename":null,"pageLinks":[],"dateCreated":"2024-02-26T07:39:01.634Z","dateUpdated":"2024-03-02T04:00:50.982Z","folderId":null,"pageName":"Home_36065480","serverPageId":null,"sectionCount":5,"status":2,"backwardUrl":null},{"id":268315221,"title":"The Devs","order":103,"templateKey":null,"customTemplate":false,"customTemplateFilename":null,"pageLinks":["36065480"],"dateCreated":"2024-02-26T07:41:47.713Z","dateUpdated":"2024-03-03T21:47:39.279Z","folderId":null,"pageName":"The Devs_268315221","serverPageId":null,"sectionCount":2,"status":2,"backwardUrl":null},{"id":737603138,"title":"Contact-Us","order":105,"templateKey":null,"customTemplate":false,"customTemplateFilename":null,"pageLinks":[],"dateCreated":"2024-02-26T09:21:11.898Z","dateUpdated":"2024-02-29T03:05:22.870Z","folderId":null,"pageName":"Contact-Us_737603138","serverPageId":null,"sectionCount":1,"status":2,"backwardUrl":null},{"id":2364813650,"title":"Page 1","order":106,"templateKey":null,"customTemplate":false,"customTemplateFilename":null,"pageLinks":[],"dateCreated":"2024-02-29T03:27:18.357Z","dateUpdated":"2024-02-29T03:27:18.357Z","folderId":null,"pageName":"Page 1_2364813650","serverPageId":null,"sectionCount":1,"status":2,"backwardUrl":null}]